Search Term,Tweet Text,URL
michelle obama,RT @wyffnews4: Michelle Obama surprises a group of women at historic D.C. school https://t.co/xau6ifLCPI https://t.co/Hzb2Am5dDb,http://dlvr.it/NZVpMR
michelle obama,"#sheinspiresme   My mom, my sisters, Maya Angelou, Malala Yousafzai, Michelle Obama, and many more inspire me every day to be a strong woman",
michelle obama,"Kanye disses Michelle Obama in an Interview, but Her Response Absolutely Shuts Him Down

https://t.co/6VltZtlbBd",http://bit.ly/2m0HSVO
michelle obama,"Kanye disses Michelle Obama in an Interview, but Her Response Absolutely Shuts Him Down

https://t.co/x2c6Zcco1N",http://bit.ly/2m0HSVO
michelle obama,"Kanye disses Michelle Obama in an Interview, but Her Response Absolutely Shuts Him Down

https://t.co/f2a1OlTdNK",http://bit.ly/2m0HSVO
michelle obama,"Kanye disses Michelle Obama in an Interview, but Her Response Absolutely Shuts Him Down

https://t.co/rAIcJOVUXL",http://bit.ly/2m0HSVO
michelle obama,"RT @FionaAdorno: Fierce, Intelligent, Strong, Beautiful, Loving, Funny, Educated, Dedicated, Giving, Compassionate, Courageous Michelle Oba‚Ä¶",
michelle obama,RT @samesfandiari: We are all Michelle Obama today https://t.co/k8cCYFeTAQ,
michelle obama,"RT @BlckBolex: In a world where Beyonce, Michelle Obama, Viola Davis, Rita Moreno, Judge Sotomayor, Maxine Waters, and Ava DuVernay exist t‚Ä¶",
michelle obama,"""@InStyle: .@MichelleObama surprises group of female students on #InternationalWomensDay: https://t.co/eeaFc2gnZb""",http://instyle.io/rC0AnOn
michelle obama,"RT @PopCrave: Twitter's #SheInspiresMe thread features Malala Yousafzai, Halsey, Lady Gaga, Michelle Obama, &amp; many more strong, smart, &amp; po‚Ä¶",
michelle obama,Michelle Obama Surprised 'Amazing Young Women' At School In Honor Of International Women's Day https://t.co/KkkuS0BP0m,http://fb.me/8yo8gYo5A
michelle obama,"RT @PopCrave: Twitter's #SheInspiresMe thread features Malala Yousafzai, Halsey, Lady Gaga, Michelle Obama, &amp; many more strong, smart, &amp; po‚Ä¶",
michelle obama,RT @TheAffinityMag: The first African American First Lady. We miss you Michelle Obama #InternationalWomensDay https://t.co/A7nU8hRQ4F,
michelle obama,"RT @FionaAdorno: Fierce, Intelligent, Strong, Beautiful, Loving, Funny, Educated, Dedicated, Giving, Compassionate, Courageous Michelle Oba‚Ä¶",
michelle obama,"RT @TheRoot: ""The measure of any society is how it treats its women and girls."" - Former First Lady Michelle Obama #InternationalWomensDay‚Ä¶",
michelle obama,"RT @BlckBolex: In a world where Beyonce, Michelle Obama, Viola Davis, Rita Moreno, Judge Sotomayor, Maxine Waters, and Ava DuVernay exist t‚Ä¶",
michelle obama,RT @EvelynWhiteGOP: Michelle Obama Has Just Received Very Bad News https://t.co/zJVgxqyWlA https://t.co/37tLsSXwn1,http://MAGA.TrumpNewss.com/5Au
michelle obama,"RT @TheRoot: ""The measure of any society is how it treats its women and girls."" - Former First Lady Michelle Obama #InternationalWomensDay‚Ä¶",
michelle obama,"RT @PopCrave: Twitter's #SheInspiresMe thread features Malala Yousafzai, Halsey, Lady Gaga, Michelle Obama, &amp; many more strong, smart, &amp; po‚Ä¶",
michelle obama,Michelle obama visited a school in DC. melania is in new york. doing god knows what/ the‚Ä¶ https://t.co/6zLNmzKQsW,https://goo.gl/fb/DsWZ6B
michelle obama,"RT @FionaAdorno: Fierce, Intelligent, Strong, Beautiful, Loving, Funny, Educated, Dedicated, Giving, Compassionate, Courageous Michelle Oba‚Ä¶",
michelle obama,Michelle Obama Has Just Received Very Bad News https://t.co/AOv35xBMPx https://t.co/1MqjmRU2ms,http://MAGA.TrumpNewss.com/5Av
michelle obama,Michelle Obama Has Just Received Very Bad News https://t.co/ox6n4g0aqU https://t.co/1SYk10VSZL,http://POTUS.TrumpNewss.com/KKm
michelle obama,Michelle Obama Has Just Received Very Bad News https://t.co/zJVgxqyWlA https://t.co/37tLsSXwn1,http://MAGA.TrumpNewss.com/5Au
michelle obama,Michelle Obama Has Just Received Very Bad News https://t.co/jfMPbOCWrS https://t.co/yyEAUELlTL,http://POTUS.TrumpNewss.com/KKl
michelle obama,Michelle Obama Has Just Received Very Bad News https://t.co/KeOO2adaUX https://t.co/qiZsCTtmbx,http://POTUS.TrumpNewss.com/KKk
michelle obama,RT @theonlyadult: Michelle Obama Celebrates International Women's Day by Surprising 'Amazing Young Women' at D.C. School https://t.co/bxx3W‚Ä¶,
michelle obama,"RT @PopCrave: Twitter's #SheInspiresMe thread features Malala Yousafzai, Halsey, Lady Gaga, Michelle Obama, &amp; many more strong, smart, &amp; po‚Ä¶",
michelle obama,"RT @PopCrave: Twitter's #SheInspiresMe thread features Malala Yousafzai, Halsey, Lady Gaga, Michelle Obama, &amp; many more strong, smart, &amp; po‚Ä¶",
michelle obama,"RT @PopCrave: Twitter's #SheInspiresMe thread features Malala Yousafzai, Halsey, Lady Gaga, Michelle Obama, &amp; many more strong, smart, &amp; po‚Ä¶",
michelle obama,"RT @TheRoot: ""The measure of any society is how it treats its women and girls."" - Former First Lady Michelle Obama #InternationalWomensDay‚Ä¶",
michelle obama,"RT @drphillivia: Michelle Obama. Harvard &amp; Princeton graduate. Lawyer, wife, mother, former first lady, advocate, role model. #internationa‚Ä¶",
michelle obama,"Oh please,all 3 of those were already here &amp; fully embodied by Michelle Obama who actually lived in the White House. https://t.co/DCIgcTZVK7",https://twitter.com/carolynnmarkie2/status/839530491078459393
michelle obama,RT @TheAffinityMag: The first African American First Lady. We miss you Michelle Obama #InternationalWomensDay https://t.co/A7nU8hRQ4F,
michelle obama,"RT @PopCrave: Twitter's #SheInspiresMe thread features Malala Yousafzai, Halsey, Lady Gaga, Michelle Obama, &amp; many more strong, smart, &amp; po‚Ä¶",
michelle obama,"RT @kittyvelli: Michelle Obama

Former First Lady, lawyer, writer, designated cool mom. https://t.co/TtuDg6OXP6",
michelle obama,"""There is no limit to what we, as women, can accomplish."" - Michelle Obama #InternationalWomensDay Video ‚û°Ô∏è‚Ä¶ https://t.co/t9vNSsPvAH",https://twitter.com/i/web/status/839643465994526720
michelle obama,"RT @sophiamhwang: Michelle Obama, a champion of equal rights ‚ù§ #SheInspiresMe https://t.co/5HbFhjIrZN",
michelle obama,"Me: Xander, name 3 women who are important and who you think are admirable.
Xander: Malala Yousafzai... ummmmm, Michelle Obama. And you. 
üòçüòç",
michelle obama,"RT @LivSports19: ""There is no limit on what we, as woman, can accomplish."" -Michelle Obama Thank you to all the women who keep inspiring! #‚Ä¶",
michelle obama,"RT @FionaAdorno: Fierce, Intelligent, Strong, Beautiful, Loving, Funny, Educated, Dedicated, Giving, Compassionate, Courageous Michelle Oba‚Ä¶",
michelle obama,"Malala Yousafzai, G.D. Anderson, Maya Angelou, Michelle Obama, Audre Lorde and Hillary Clinton. Different minds, same message. #IWD",
michelle obama,"RT @PopCrave: Twitter's #SheInspiresMe thread features Malala Yousafzai, Halsey, Lady Gaga, Michelle Obama, &amp; many more strong, smart, &amp; po‚Ä¶",
michelle obama,"RT @FionaAdorno: Fierce, Intelligent, Strong, Beautiful, Loving, Funny, Educated, Dedicated, Giving, Compassionate, Courageous Michelle Oba‚Ä¶",
michelle obama,RT @TheAffinityMag: The first African American First Lady. We miss you Michelle Obama #InternationalWomensDay https://t.co/A7nU8hRQ4F,
michelle obama,"RT @BlckBolex: In a world where Beyonce, Michelle Obama, Viola Davis, Rita Moreno, Judge Sotomayor, Maxine Waters, and Ava DuVernay exist t‚Ä¶",
michelle obama,RT @thehill: Michelle Obama surprises female students for International Women's Day https://t.co/aqTw6e5MTW https://t.co/0vlkc74Jru,http://hill.cm/9Gwg7EW
michelle obama,RT @RollingOut: Reason no. 543672 why we love Michelle Obama‚Äî she spent #InternationalWomensDay inspiring teenage girls. https://t.co/W29fZ‚Ä¶,
michelle obama,"@NPR nothing about the 60 million dollar book deal Obama negotiated while he was in office. Entered broke, left rich no wonder Michelle :)",
michelle obama,@BarackObama @MichelleObama thank you!  Michelle Obama is inspirational!,
michelle obama,"@BarackObama @MichelleObama Obama and Michelle are big liars.  Obama did know US citizens being arrested by Taiwan Ma Ying Jiu,",
michelle obama,"RT @PopCrave: Twitter's #SheInspiresMe thread features Malala Yousafzai, Halsey, Lady Gaga, Michelle Obama, &amp; many more strong, smart, &amp; po‚Ä¶",
michelle obama,RT @thehill: Michelle Obama surprises female students for International Women's Day https://t.co/viPAKKRjei https://t.co/rz8acONR71,http://hill.cm/G1bRqj9
michelle obama,"RT @FionaAdorno: Fierce, Intelligent, Strong, Beautiful, Loving, Funny, Educated, Dedicated, Giving, Compassionate, Courageous Michelle Oba‚Ä¶",
michelle obama,Michelle Obama settled. #InternationalWomensDay,
michelle obama,"RT @PopCrave: Twitter's #SheInspiresMe thread features Malala Yousafzai, Halsey, Lady Gaga, Michelle Obama, &amp; many more strong, smart, &amp; po‚Ä¶",
michelle obama,"RT @BlckBolex: In a world where Beyonce, Michelle Obama, Viola Davis, Rita Moreno, Judge Sotomayor, Maxine Waters, and Ava DuVernay exist t‚Ä¶",
michelle obama,This how you do it @FLOTUS: Michelle Obama Celebrates International Women's Day with Surprise School Visit https://t.co/pTeVwwL8CE,https://www.google.com/amp/people.com/politics/michelle-obama-international-womens-day-surprise-school-visit/amp/
michelle obama,RT @pameladubsky49: Michelle Obama makes surprise visit to D.C. school because she is the real deal https://t.co/AhaY7VbwCv,http://www.dailykos.com/story/2017/3/7/1641063/-Michelle-Obama-makes-surprise-visit-to-D-C-school-because-she-is-the-real-deal
michelle obama,"RT @FionaAdorno: Fierce, Intelligent, Strong, Beautiful, Loving, Funny, Educated, Dedicated, Giving, Compassionate, Courageous Michelle Oba‚Ä¶",
michelle obama,RT @thehill: Michelle Obama surprises female students for International Women's Day https://t.co/viPAKKRjei https://t.co/rz8acONR71,http://hill.cm/G1bRqj9
michelle obama,"RT @MrDane1982: Be Brave like Harriet Tubman!
Be Inspirational like Michelle Obama!
Be Fierce like Maxine Waters!
Be Presidential like Hill‚Ä¶",
michelle obama,"RT @TheRoot: ""The measure of any society is how it treats its women and girls."" - Former First Lady Michelle Obama #InternationalWomensDay‚Ä¶",
michelle obama,"@DARLA_1 @VerucaSalt17 @Twitter @MichelleObama She's not a lawmaker, but just so you know https://t.co/k9vgdWmKdF",http://www.theedadvocate.org/7-education-initiatives-led-by-michelle-obama/
michelle obama,International Women's Day 2016 takes on gender parity #WomensDay #InternationalWomenSDay #InternationalWomenSDay‚Ä¶ https://t.co/P8A7jf3TJm,https://twitter.com/i/web/status/839642948224458752
michelle obama,03-09 International Women's Day's #pledgeforparity is holding women back #InternationalWomenSDay https://t.co/Oy5b9B1hbY,http://dlvr.it/NZYxdq
michelle obama,"RT @FionaAdorno: Fierce, Intelligent, Strong, Beautiful, Loving, Funny, Educated, Dedicated, Giving, Compassionate, Courageous Michelle Oba‚Ä¶",
michelle obama,RT @RickeySmiley: We love you Michelle https://t.co/gRnSGBFg04,http://blog.therealrickeysmiley.com/lists/michelle-obama-surprised-amazing-young-women-at-school-in-honor-of-international-women-s-day?utm_campaign=93679&utm_medium=cmsshare&utm_source=twitter&utm_term=rickeysmiley
michelle obama,"Michelle Obama

Former First Lady, lawyer, writer, designated cool mom. https://t.co/TtuDg6OXP6",
michelle obama,"RT @TheRickyDavila: I want to thank Michelle Obama for her voice, her leadership and her inspirational courage. ‚ù§Ô∏è
#WomensHistoryMonth http‚Ä¶",
michelle obama,RT @ajplus: Chance the Rapper donated $1M to public schools in Chicago ‚Äì and got a shoutout from Michelle Obama. https://t.co/qKzXIiaIVt,
michelle obama,".@MichelleObama Surprised a DC High School for International Women‚Äôs Day
https://t.co/he52xfPwyw",https://www.washingtonian.com/2017/03/08/michelle-obama-surprised-cardozo-ec-students-today-for-international-womens-day/
michelle obama,RT @fox5dc: Former first lady Michelle Obama surprises DC students for #InternationalWomensDay https://t.co/JKcg3Wxgaw #5at630 #fox5dc,http://www.fox5dc.com/news/local-news/240368520-story
michelle obama,"RT @nojusticenopies: FLOTUS Michelle Obama will remain a role model for young &amp; old. Brilliant, kind, warm, wise, beautiful &amp; without ego.W‚Ä¶",
michelle obama,"RT @cupcake1779: Strong, educated, unapologetic, and proud. Michelle Obama began inspiring me from age 10 to 18, and I'm incredibly thankfu‚Ä¶",
michelle obama,RT @Purify_toast17: The only reason Melania's been making First Lady appearances lately is because Michelle Obama's been popping up around‚Ä¶,
